latitude,longitude,altitude,geometry,power,id,s1,s2,group,manual_id,age_10to30,angle_3to21,fw,bw
29.7863407,-95.4060593,,Point,pole,node/3172263171,0,77.25848513,1,1,30,4,0,5447.656919
29.785644,-95.406037,,Point,pole,node/3172263169,77.25848513,73.6930379,1,2,30,20,5447.656919,4966.483225
29.7849794,-95.406018,,Point,pole,node/3172263168,73.6930379,62.66953239,1,3,18,8,4966.483225,3478.809862
29.7849905,-95.40537,,Point,pole,node/5608606285,62.66953239,47.20740778,1,4,20,14,3478.809862,1392.124198
29.784987,-95.4048818,,Point,pole,node/5608606284,47.20740778,82.77968525,1,5,20,18,1392.124198,6192.768567
29.7850126,-95.4040262,,Point,pole,node/5608606283,82.77968525,49.5404331,1,6,28,19,6192.768567,1706.97682
29.7850185,-95.4035139,,Point,pole,node/5608606282,49.5404331,71.70976076,1,7,11,13,1706.97682,4698.830745
29.7850231,-95.4027723,,Point,pole,node/5608606281,71.70976076,67.70516491,1,8,22,4,4698.830745,4158.391902
29.7850336,-95.4020722,,Point,pole,node/5608606280,67.70516491,84.41824322,1,9,26,13,4158.391902,6413.899589
29.7850417,-95.4011992,,Point,pole,node/5608606279,84.41824322,66.81439201,1,10,18,14,6413.899589,4038.177954
29.7850592,-95.4005085,,Point,pole,node/5608606278,66.81439201,99.62295829,1,11,26,15,4038.177954,8465.846638
29.7841606,-95.4004911,,Point,pole,node/5608606277,99.62295829,104.4728423,1,12,23,11,8465.846638,9120.361047
29.7832185,-95.4005218,,Point,pole,node/3433830512,104.4728423,71.34600732,1,13,17,20,9120.361047,4649.740527
29.7832255,-95.399784,,Point,pole,node/3433850209,71.34600732,80.74081328,1,14,15,18,4649.740527,5917.613307
29.7832273,-95.398949,,Point,pole,node/3433850210,80.74081328,59.30104766,1,15,19,13,5917.613307,3024.217173
29.7827371,-95.3987034,,Point,pole,node/5608606276,59.30104766,21.96939426,1,16,18,10,3024.217173,-2013.863165
29.7826015,-95.3985377,,Point,pole,node/5608606268,21.96939426,11.47713474,1,17,18,16,-2013.863165,0
29.7825974,-95.3984191,,Point,pole,node/5608606274,11.47713474,13.31319446,2,18,17,6,0,-3593.753258
29.7827036,-95.3983548,,Point,pole,node/3433830511,13.31319446,61.17053444,2,19,10,21,-3593.753258,2864.817462
29.7832491,-95.3982592,,Point,pole,node/3433851693,61.17053444,45.89957756,2,20,11,3,2864.817462,803.9307716
29.7836627,-95.3982819,,Point,pole,node/3433849913,45.89957756,60.40722783,2,21,17,11,803.9307716,2761.805684
29.784206,-95.3983305,,Point,pole,node/3433850111,60.40722783,95.49953989,2,22,22,9,2761.805684,7497.676487
29.7850673,-95.3983533,,Point,pole,node/3433849915,95.49953989,113.5514815,2,23,29,17,7497.676487,9933.87
29.7860916,-95.3983681,,Point,pole,node/5608606275,113.5514815,458.2937452,2,24,10,3,9933.87,0
29.7819578,-95.3982871,,Point,pole,node/3433850898,458.2937452,64.59291611,3,25,30,11,0,3259.935029
29.7813752,-95.398274,,Point,pole,node/3433849805,64.59291611,97.34366239,3,26,11,6,3259.935029,7679.800635
29.7804972,-95.3982544,,Point,pole,node/3433850602,97.34366239,103.6300293,3,27,30,13,7679.800635,8528.175105
29.7795625,-95.3982335,,Point,pole,node/3172295404,103.6300293,82.14109661,3,28,14,10,8528.175105,5628.143643
29.7788215,-95.3982273,,Point,pole,node/3172295403,82.14109661,108.9107897,3,29,12,12,5628.143643,9240.838294
29.777839,-95.3982206,,Point,pole,node/5608606258,108.9107897,59.32269218,3,30,16,17,9240.838294,2548.693787
29.777847,-95.398834,,Point,pole,node/3172295402,59.32269218,91.45344963,3,31,25,14,2548.693787,6884.889015
29.777022,-95.398826,,Point,pole,node/3172295401,91.45344963,87.17182765,3,32,25,18,6884.889015,6307.064206
29.7762356,-95.3988288,,Point,pole,node/3172295400,87.17182765,124.5170096,3,33,16,4,6307.064206,11346.97028
29.7751129,-95.3987865,,Point,pole,node/3172295399,124.5170096,60.27526939,3,34,20,21,11346.97028,2677.248513
29.7745692,-95.3987771,,Point,pole,node/5608606261,60.27526939,18.44533968,3,35,24,11,2677.248513,-2967.895144
29.7744028,-95.3987778,,Point,pole,node/5608606259,18.44533968,9.469200331,3,36,19,7,-2967.895144,-4179.266917
29.7743428,-95.3988475,,Point,pole,node/3172295398,9.469200331,16.11924601,3,37,18,19,-4179.266917,-3281.812308
29.7743329,-95.3990138,,Point,pole,node/5608606260,16.11924601,51.35957868,3,38,22,14,-3281.812308,1474.034566
29.7743341,-95.3995449,,Point,pole,node/3172295397,51.35957868,65.55718345,3,39,16,3,1474.034566,3390.067393
29.7743299,-95.4002228,,Point,pole,node/5608606262,65.55718345,80.27584844,3,40,12,15,3390.067393,5376.419723
29.7743248,-95.4010529,,Point,pole,node/3172295396,80.27584844,63.80871033,3,41,19,14,5376.419723,3154.10281
29.7743131,-95.4017126,,Point,pole,node/3172295395,63.80871033,61.77089093,3,42,15,7,3154.10281,2879.089599
29.7742897,-95.4023508,,Point,pole,node/3172295394,61.77089093,79.54884165,3,43,17,10,2879.089599,5278.306773
29.7735721,-95.4023427,,Point,pole,node/3172295393,79.54884165,66.85985463,3,44,25,8,5278.306773,3565.868931
29.7729691,-95.4023266,,Point,pole,node/3172295392,66.85985463,89.8986087,3,45,19,13,3565.868931,6675.055997
29.7721581,-95.4023239,,Point,pole,node/3172295391,89.8986087,107.0288494,3,46,10,15,6675.055997,8986.861685
29.7711927,-95.402305,,Point,pole,node/3172295389,107.0288494,96.89310266,3,47,10,10,8986.861685,7618.995503
29.7703186,-95.4023023,,Point,pole,node/3172295388,96.89310266,92.51623747,3,48,24,4,7618.995503,7028.317179
29.7694841,-95.4022862,,Point,pole,node/3172295386,92.51623747,42.73465456,3,49,29,14,7028.317179,310.0609221
29.7694981,-95.4018446,,Point,pole,node/3172295387,42.73465456,66.35358376,3,50,25,17,310.0609221,3497.545321
29.7688998,-95.401823,,Point,pole,node/3172295385,66.35358376,62.96414339,3,51,21,11,3497.545321,3040.124571
29.7683318,-95.4018176,,Point,pole,node/3172295384,62.96414339,47.68239375,3,52,27,13,3040.124571,977.7813485
29.7679017,-95.4018095,,Point,pole,node/3172295383,47.68239375,68.94959496,3,53,13,14,977.7813485,3847.889113
29.7672799,-95.4017907,,Point,pole,node/3172295382,68.94959496,55.20692117,3,54,18,5,3847.889113,1993.251338
29.766782,-95.4017772,,Point,pole,node/3172295381,55.20692117,62.70931314,3,55,19,19,1993.251338,3005.734044
29.7662164,-95.4017638,,Point,pole,node/3172295380,62.70931314,58.0291937,3,56,11,10,3005.734044,2374.130148
29.7656929,-95.4017638,,Point,pole,node/3172295379,58.0291937,63.24392011,3,57,20,7,2374.130148,3077.881742
29.7651224,-95.4017557,,Point,pole,node/3172295377,63.24392011,61.93600506,3,58,21,4,3077.881742,2901.37252
29.7645637,-95.4017476,,Point,pole,node/3172295376,61.93600506,68.6962004,3,59,20,21,2901.37252,3813.692337
29.7639443,-95.4017244,,Point,pole,node/3172295375,68.6962004,49.1099515,3,60,14,17,3813.692337,1170.43691
29.7635015,-95.4017078,,Point,pole,node/3172295374,49.1099515,66.56219003,3,61,28,4,1170.43691,3525.697708
29.762905,-95.4017869,,Point,pole,node/3172295373,66.56219003,48.45029518,3,62,29,12,3525.697708,1081.41322
29.7624699,-95.4017392,,Point,pole,node/3172295372,48.45029518,83.04890423,3,63,17,20,1081.41322,5750.656505
29.762025,-95.4024301,,Point,pole,node/3172295371,83.04890423,111.4196356,3,64,11,3,5750.656505,9579.418717
29.76102,-95.40241,,Point,pole,node/3172295370,111.4196356,115.4103924,3,65,16,3,9579.418717,10117.98991
29.7599798,-95.4023589,,Point,pole,node/3172295369,115.4103924,55.99366905,3,66,13,5,10117.98991,2099.426625
29.7594748,-95.4023454,,Point,pole,node/3172295368,55.99366905,62.87581898,3,67,24,4,2099.426625,3028.204782
29.7589097,-95.4022892,,Point,pole,node/3173613655,62.87581898,172.773435,3,68,19,3,3028.204782,17859.39944
29.7573511,-95.4022754,,Point,pole,node/3173613651,172.773435,85.06699516,3,69,28,19,17859.39944,6023.007267
29.7581184,-95.4022908,,Point,pole,node/3173613653,85.06699516,180.7714029,3,69,15,9,6023.007267,18938.76243
29.7564878,-95.4022616,,Point,pole,node/3173613649,180.7714029,65.99978497,3,70,25,3,18938.76243,3449.798528
29.7558924,-95.4022585,,Point,pole,node/3173613648,65.99978497,84.93139649,3,71,29,14,3449.798528,6004.707595
29.7551263,-95.4022447,,Point,pole,node/3173613647,84.93139649,101.4536597,3,72,14,16,6004.707595,8234.4639
29.7542111,-95.402234,,Point,pole,node/3173613646,101.4536597,96.62980092,3,73,21,14,8234.4639,7583.461708
29.7533394,-95.4022257,,Point,pole,node/3173613642,96.62980092,61.55596869,3,74,21,6,7583.461708,2850.084844
29.7527843,-95.4022079,,Point,pole,node/3173613641,61.55596869,49.63903554,3,75,20,17,2850.084844,0
29.7523453,-95.4023092,,Point,pole,node/3433850595,49.63903554,76.6998841,4,76,24,10,0,4277.45801
29.7516537,-95.4022845,,Point,pole,node/3433827995,76.6998841,88.64550685,4,77,23,3,4277.45801,5889.575385
29.750854,-95.4022862,,Point,pole,node/3433850693,88.64550685,64.57804273,4,78,28,13,5889.575385,2641.559112
29.750272,-95.4022564,,Point,pole,node/3433850594,64.57804273,132.4924371,4,79,19,18,2641.559112,11806.92266
29.7490768,-95.4022427,,Point,pole,node/3433849795,132.4924371,83.65295611,4,80,25,10,11806.92266,5215.807432
29.7483222,-95.4022316,,Point,pole,node/3433850593,83.65295611,66.63338469,4,81,11,8,5215.807432,2918.937074
29.7477211,-95.4022256,,Point,pole,node/3433850096,66.63338469,69.20340351,4,82,30,15,2918.937074,3265.773072
29.7470969,-95.4022123,,Point,pole,node/3433850394,69.20340351,96.58265051,4,83,23,19,3265.773072,6960.729856
29.7462256,-95.4022087,,Point,pole,node/3433830495,96.58265051,107.9748534,4,84,22,18,6960.729856,8498.16065
29.7452516,-95.4021945,,Point,pole,node/5608607553,107.9748534,66.63614061,4,85,24,20,8498.16065,2919.308998
29.7446505,-95.4021858,,Point,pole,node/3433850194,66.63614061,63.80949023,4,86,24,10,2919.308998,2537.839376
29.7440749,-95.4021773,,Point,pole,node/3433830494,63.80949023,105.0621385,4,87,15,20,2537.839376,8105.076218
29.7431271,-95.4021748,,Point,pole,node/5608607554,105.0621385,103.0850679,4,88,15,20,8105.076218,7838.261337
29.7421977,-95.4021376,,Point,pole,node/3433849794,103.0850679,61.51433237,4,89,17,11,7838.261337,2228.097143
29.741643,-95.4021188,,Point,pole,node/3433850095,61.51433237,64.85742886,4,90,17,11,2228.097143,2679.263571
29.7410579,-95.4021205,,Point,pole,node/3433850393,64.85742886,93.82998788,4,91,13,21,2679.263571,6589.245224
29.7402115,-95.4021077,,Point,pole,node/3433849896,93.82998788,108.0991712,4,92,12,8,6589.245224,8514.937914
29.7392364,-95.4020916,,Point,pole,node/3433850293,108.0991712,115.6090487,4,93,19,12,8514.937914,9528.430821
29.7381937,-95.4020654,,Point,pole,node/3433850094,115.6090487,64.11499808,4,94,15,10,9528.430821,2579.069082
29.7376153,-95.4020628,,Point,pole,node/3433850093,64.11499808,60.43010228,4,95,21,3,2579.069082,2081.775246
29.7370702,-95.4020534,,Point,pole,node/3433827994,60.43010228,70.2564868,4,96,22,17,2081.775246,3407.891562
29.7364364,-95.4020495,,Point,pole,node/3433849895,70.2564868,693.8401221,4,97,28,10,3407.891562,0
29.7318846,-95.4069726,,Point,pole,node/5608607600,693.8401221,63.3038659,5,98,25,16,0,2636.797367
29.7313139,-95.4069485,,Point,pole,node/5608607601,63.3038659,76.80865752,5,99,18,10,2636.797367,4459.331837
29.7313081,-95.4077424,,Point,pole,node/5608607602,76.80865752,119.6354431,5,100,11,13,4459.331837,10239.00583
29.7312941,-95.4089789,,Point,pole,node/5608607603,119.6354431,75.92211694,5,101,22,7,10239.00583,4339.68906
29.7312801,-95.4097635,,Point,pole,node/5608607604,75.92211694,94.19189793,5,102,23,3,4339.68906,6805.281017
29.7312766,-95.4107371,,Point,pole,node/5608607605,94.19189793,66.10681223,5,103,30,13,6805.281017,3015.068017
29.7312796,-95.4114204,,Point,pole,node/5608607607,66.10681223,67.66789708,5,104,23,19,3015.068017,3225.743682
29.7312727,-95.4121198,,Point,pole,node/5608607606,67.66789708,64.22349224,5,105,24,4,3225.743682,2760.905221
29.7312662,-95.4127836,,Point,pole,node/5608607608,64.22349224,96.35504306,5,106,12,20,2760.905221,7097.207518
29.7303974,-95.4127514,,Point,pole,node/5608607609,96.35504306,2666.080141,5,107,21,4,7097.207518,0
29.7523381,-95.4014606,,Point,pole,node/3435867020,2666.080141,178.3116479,6,108,15,13,0,18395.16213
29.7507298,-95.4014244,,Point,pole,node/3435867017,178.3116479,88.6331699,6,109,17,7,18395.16213,6292.634231
29.7511071,-95.4006165,,Point,pole,node/3435867221,88.6331699,89.2723832,6,110,13,5,6292.634231,6378.899042
29.7514784,-95.3997975,,Point,pole,node/3435867018,89.2723832,88.68698261,6,111,28,20,6378.899042,6299.896507
29.7518569,-95.3989897,,Point,pole,node/3435868801,88.68698261,90.3124017,6,112,13,12,6299.896507,6519.254378
29.7522451,-95.3981688,,Point,pole,node/3435867019,90.3124017,74.83203699,6,113,16,21,6519.254378,4430.107126
29.7524805,-95.3974437,,Point,pole,node/3435867223,74.83203699,68.07709502,6,113,24,8,4430.107126,3518.496275
29.7524854,-95.3967399,,Point,pole,node/3435867021,68.07709502,87.03983638,6,114,21,17,3518.496275,6077.606459
29.7525007,-95.3958402,,Point,pole,node/3435867022,87.03983638,78.05066576,6,115,20,11,6077.606459,4864.476055
29.7525136,-95.3950334,,Point,pole,node/3435867224,78.05066576,122.9936435,6,116,12,9,4864.476055,10929.74003
29.7525442,-95.3937623,,Point,pole,node/3435867225,122.9936435,78.85331451,6,117,12,15,10929.74003,4972.797239
29.7525507,-95.3929471,,Point,pole,node/3435867226,78.85331451,65.31875941,6,118,21,13,4972.797239,3146.246049
29.7525887,-95.3922732,,Point,pole,node/3435868307,65.31875941,53.89030617,6,119,12,19,3146.246049,1603.923107
29.7521031,-95.3922464,,Point,pole,node/3435867222,53.89030617,75.16093485,6,120,16,5,1603.923107,4474.493423
29.7514253,-95.3922252,,Point,pole,node/3435868800,75.16093485,118.4977903,6,121,26,21,4474.493423,10323.00372
29.7503564,-95.3922077,,Point,pole,node/3435867219,118.4977903,76.6193583,6,122,29,4,10323.00372,4671.314454
29.7496653,-95.3921936,,Point,pole,node/3435867218,76.6193583,65.27248061,6,123,28,20,4671.314454,3140.00051
29.7490766,-95.3921786,,Point,pole,node/3435867217,65.27248061,61.49977785,6,124,19,3,3140.00051,2630.856718
29.7485219,-95.3921659,,Point,pole,node/3435867016,61.49977785,57.29715444,6,125,16,16,2630.856718,2063.693133
29.7480051,-95.3921544,,Point,pole,node/3435867214,57.29715444,86.49530158,6,126,22,18,2063.693133,6004.118954
29.7480503,-95.3912617,,Point,pole,node/3435867215,86.49530158,65.70150635,6,127,18,9,6004.118954,3197.899531
29.7480658,-95.3905827,,Point,pole,node/3435867216,65.70150635,69.95484303,6,128,27,18,3197.899531,3771.907107
29.7480679,-95.3898595,,Point,pole,node/3435867009,69.95484303,63.27598696,6,129,15,12,3771.907107,2870.564402
29.7480839,-95.3892056,,Point,pole,node/3435867010,63.27598696,53.40177273,6,130,23,18,2870.564402,1537.993246
29.7481059,-95.3886541,,Point,pole,node/3435867011,53.40177273,79.42024149,6,131,23,19,1537.993246,5049.306674
29.7481239,-95.3878333,,Point,pole,node/3435867012,79.42024149,57.69982409,6,132,16,14,5049.306674,2118.035276
29.7481339,-95.3872369,,Point,pole,node/3435867013,57.69982409,79.64034171,6,133,13,8,2118.035276,5079.010223
29.7481469,-95.3864137,,Point,pole,node/3435867014,79.64034171,143.6065319,6,134,12,9,5079.010223,13711.54524
29.7481696,-95.3849293,,Point,pole,node/3435869097,143.6065319,16.63718136,6,135,11,9,13711.54524,0
29.7483184,-95.3849068,,Point,pole,node/3435867015,16.63718136,258.1919419,7,136,18,4,0,28287.23628
29.7506476,-95.3849221,,Point,pole,node/3435867220,258.1919419,159.9832382,7,137,19,14,28287.23628,15033.51474
29.7520908,-95.3849376,,Point,pole,node/3435870294,159.9832382,62.36891943,7,138,23,17,15033.51474,1860.008197
29.7526534,-95.3849463,,Point,pole,node/3435868308,62.36891943,81.85207914,7,139,20,11,1860.008197,4489.351258
29.7526604,-95.3841001,,Point,pole,node/3435867229,81.85207914,48.54261434,7,140,25,17,4489.351258,-5.916011803
29.7526462,-95.3835985,,Point,pole,node/3435867228,48.54261434,56.59493117,7,141,16,14,-5.916011803,1080.781613
29.7526427,-95.3830134,,Point,pole,node/3435867227,56.59493117,111.0030276,7,142,27,3,1080.781613,8423.407403
29.7536439,-95.3830361,,Point,pole,node/3435867230,111.0030276,100.2587358,7,143,11,4,8423.407403,6973.415229
29.7545483,-95.3830488,,Point,pole,node/3435867231,100.2587358,129.0776742,7,144,30,16,6973.415229,10862.66506
29.754553,-95.3817143,,Point,pole,node/3435868309,129.0776742,87.19024475,7,145,18,13,10862.66506,5209.761547
29.7545608,-95.3808129,,Point,pole,node/3435868310,87.19024475,64.18803081,7,146,29,20,5209.761547,2105.505741
29.7545722,-95.3801494,,Point,pole,node/3435868802,64.18803081,62.06193799,7,147,18,15,2105.505741,1818.579623
29.7545842,-95.3795079,,Point,pole,node/3435868803,62.06193799,69.01872255,7,148,23,7,1818.579623,2757.43007
29.7552068,-95.3795161,,Point,pole,node/3435868804,69.01872255,125.226379,7,149,29,9,2757.43007,10342.91485
29.7552085,-95.3782214,,Point,pole,node/3435867232,125.226379,87.45849577,7,150,15,7,10342.91485,5245.963271
29.7552142,-95.3773172,,Point,pole,node/3435868805,87.45849577,42.54879306,7,151,29,7,5245.963271,-814.810084
29.7552164,-95.3768773,,Point,pole,node/3435867305,42.54879306,102.8429329,7,152,26,3,-814.810084,7322.164654
29.7552279,-95.3758141,,Point,pole,node/4296803133,102.8429329,166.8005996,7,153,24,7,7322.164654,15953.54937
29.7552466,-95.3740897,,Point,pole,node/3435867306,166.8005996,57.03881887,7,154,26,6,15953.54937,0
29.7557502,-95.3742108,,Point,pole,node/3435867160,57.03881887,101.1790456,8,155,21,5,0,6535.766346
29.7558669,-95.3752483,,Point,pole,node/3435867528,101.1790456,144.1516526,8,156,21,10,6535.766346,12335.11962
29.7571663,-95.3751887,,Point,pole,node/3435867529,144.1516526,142.8475042,8,157,21,14,12335.11962,12159.11873
29.7584547,-95.3752192,,Point,pole,node/3435867161,142.8475042,155.4583379,8,158,11,5,12159.11873,13861.00941
29.7598569,-95.3751894,,Point,pole,node/3435866914,155.4583379,125.6307039,8,159,18,16,13861.00941,9835.631417
29.7609902,-95.3752023,,Point,pole,node/3435867162,125.6307039,166.4373982,8,160,21,18,9835.631417,15342.68469
29.7624775,-95.3754383,,Point,pole,node/1611864241,166.4373982,32.21354708,8,161,21,4,15342.68469,-2771.448585
29.7627665,-95.3754733,,Point,pole,node/3433850097,32.21354708,58.30714412,8,162,13,3,-2771.448585,750.0037549
29.7632924,-95.3754855,,Point,pole,node/3433830496,58.30714412,80.10897059,8,163,14,17,750.0037549,3692.261685
29.764015,-95.3754985,,Point,pole,node/3433849796,80.10897059,276.1874613,8,164,30,17,3692.261685,30153.9664
29.7639146,-95.3783519,,Point,pole,node/3433850793,276.1874613,84.61355489,8,165,14,4,30153.9664,4300.176296
29.7646777,-95.3783306,,Point,pole,node/3433830497,84.61355489,97.58815317,8,166,16,18,4300.176296,6051.158708
29.765558,-95.3783437,,Point,pole,node/3433849897,97.58815317,163.8926728,8,167,21,8,6051.158708,14999.26217
29.7670365,-95.3783542,,Point,pole,node/3433850098,163.8926728,84.27316008,8,168,14,3,14999.26217,4254.238433
29.7677966,-95.3783718,,Point,pole,node/3433830500,84.27316008,42.18787523,8,169,13,4,4254.238433,-1425.366588
29.7681771,-95.3783813,,Point,pole,node/3433850195,42.18787523,63.33397808,8,170,26,7,-1425.366588,1428.398388
29.7687482,-95.3784009,,Point,pole,node/3433830501,63.33397808,35.98844022,8,171,21,8,1428.398388,-2262.00919
29.7690721,-95.3783754,,Point,pole,node/3433827999,35.98844022,113.1691121,8,172,16,13,-2262.00919,8153.881619
29.7700634,-95.3780955,,Point,pole,node/3433849797,113.1691121,225.7887927,8,173,14,18,8153.881619,23352.43156
29.7721003,-95.3780876,,Point,pole,node/3433849899,225.7887927,86.14094726,8,174,27,14,23352.43156,4506.305004
29.7728773,-95.3781022,,Point,pole,node/3433850398,86.14094726,51.45777305,8,175,16,6,4506.305004,-174.3507435
29.7733415,-95.3781067,,Point,pole,node/3433850399,51.45777305,46.26870936,8,176,14,14,-174.3507435,-874.6390339
29.7737589,-95.3781089,,Point,pole,node/3433849901,46.26870936,31.4535961,8,177,24,13,-874.6390339,-2874.007505
29.7737409,-95.3784335,,Point,pole,node/3433830504,31.4535961,41.14032558,8,178,17,9,-2874.007505,-1566.738288
29.773737,-95.3788589,,Point,pole,node/3433850102,41.14032558,44.89075497,8,179,12,13,-1566.738288,-1060.60039
29.7737517,-95.3793228,,Point,pole,node/3433828000,44.89075497,145.7231621,8,180,15,15,-1060.60039,12547.20215
29.7750663,-95.3793297,,Point,pole,node/3433849904,145.7231621,77.85411862,8,181,25,18,12547.20215,3387.958919
29.775736,-95.3795723,,Point,pole,node/3433850295,77.85411862,73.42928393,8,182,23,21,3387.958919,2790.806888
29.7763984,-95.3795793,,Point,pole,node/3433850896,73.42928393,123.643191,8,183,14,9,2790.806888,0
29.7753214,-95.3792466,,Point,pole,node/3433850204,123.643191,33.49711587,9,184,10,17,0,-2166.172725
29.7750833,-95.3790333,,Point,pole,node/3433850203,33.49711587,97.0135079,9,185,29,10,-2166.172725,6405.659933
29.7751012,-95.3780303,,Point,pole,node/3433849801,97.0135079,106.6370876,9,186,17,9,6405.659933,7704.406792
29.7751079,-95.3769276,,Point,pole,node/3433850294,106.6370876,103.6339411,9,187,15,10,7704.406792,7299.118193
29.7751187,-95.375856,,Point,pole,node/3433850599,103.6339411,113.2491865,9,188,12,9,7299.118193,8596.740305
29.7751322,-95.374685,,Point,pole,node/3433850105,113.2491865,157.1018963,9,189,12,18,8596.740305,14514.86755
29.7751463,-95.3730605,,Point,pole,node/3433850895,157.1018963,93.32319918,9,190,25,17,14514.86755,5907.635601
29.7751548,-95.3720955,,Point,pole,node/3433849905,93.32319918,93.01050865,9,191,22,18,5907.635601,5865.436558
29.7751596,-95.3711337,,Point,pole,node/3433850600,93.01050865,90.02256899,9,192,14,3,5865.436558,5462.200197
29.7751546,-95.3702028,,Point,pole,node/3433849906,90.02256899,108.4813815,9,193,20,13,5462.200197,7953.302843
29.7753688,-95.3691082,,Point,pole,node/3433849802,108.4813815,169.7523877,9,194,23,17,7953.302843,16222.11023
29.775251,-95.367358,,Point,pole,node/3433828001,169.7523877,114.8609884,9,195,19,7,16222.11023,8814.260478
29.775179,-95.3661731,,Point,pole,node/3433850696,114.8609884,85.08211234,9,196,25,18,8814.260478,4795.462584
29.7754739,-95.3653608,,Point,pole,node/5630129219,85.08211234,95.27225313,9,197,16,7,4795.462584,6170.669499
29.7758041,-95.3644512,,Point,pole,node/3433828002,95.27225313,76.27980338,9,198,22,4,6170.669499,3607.55003
29.7760703,-95.3637238,,Point,pole,node/3433850205,76.27980338,60.79857614,9,199,25,10,3607.55003,1518.286377
29.7765723,-95.3639771,,Point,pole,node/3433850697,60.79857614,114.4091432,9,200,27,20,1518.286377,8753.281866
29.7769567,-95.3628791,,Point,pole,node/3433830506,114.4091432,94.12483438,9,201,18,13,8753.281866,6015.820001
29.7772843,-95.3619811,,Point,pole,node/3433849803,94.12483438,99.40285603,9,202,30,9,6015.820001,6728.113582
29.7776306,-95.3610329,,Point,pole,node/3433849908,99.40285603,81.65144162,9,203,30,11,6728.113582,4332.477606
29.777915,-95.360254,,Point,pole,node/3433849909,81.65144162,85.99609544,9,204,11,11,4332.477606,4918.808855
29.7782165,-95.3594346,,Point,pole,node/3433828003,85.99609544,81.15608539,9,205,30,12,4918.808855,4265.626978
29.778501,-95.3586613,,Point,pole,node/3433850206,81.15608539,108.5973852,9,206,11,8,4265.626978,7968.958074
29.7788831,-95.3576272,,Point,pole,node/3433850207,108.5973852,91.62263702,9,207,12,19,7968.958074,5678.136823
29.7792054,-95.3567547,,Point,pole,node/3433849910,91.62263702,98.13546545,9,208,16,13,5678.136823,6557.073325
29.779535,-95.3558128,,Point,pole,node/3433850698,98.13546545,96.42935264,9,209,15,4,6557.073325,6326.825463
29.7803871,-95.3560136,,Point,pole,node/3433849911,96.42935264,107.5752306,9,210,18,3,6326.825463,7831.013562
29.7803992,-95.3549012,,Point,pole,node/3433830509,107.5752306,107.7249564,9,211,30,13,7831.013562,7851.219747
29.7804069,-95.3537872,,Point,pole,node/3433828005,107.7249564,67.50964054,9,212,15,4,7851.219747,2423.975746
29.7810159,-95.3537935,,Point,pole,node/3433849804,67.50964054,119.2448517,9,213,24,15,2423.975746,9405.883233
29.7820916,-95.3538046,,Point,pole,node/3433850407,119.2448517,72.20980407,9,214,22,4,9405.883233,3058.284685
29.782743,-95.3538113,,Point,pole,node/3433850208,72.20980407,61.3461124,9,215,26,10,3058.284685,1592.178943
29.7832964,-95.3538169,,Point,pole,node/3433850109,61.3461124,31.75194053,9,216,28,14,1592.178943,-2401.692258
29.7835827,-95.3538273,,Point,pole,node/3433849912,31.75194053,86.55077014,9,217,30,4,-2401.692258,4993.664788
29.7843635,-95.3538279,,Point,pole,node/3433849807,86.55077014,95.56291542,9,218,13,11,4993.664788,6209.895728
29.7843643,-95.3528396,,Point,pole,node/5630129220,95.56291542,78.51664431,9,219,25,11,6209.895728,3909.422123
29.7843678,-95.3520276,,Point,pole,node/3433830513,78.51664431,79.56949117,9,220,26,20,3909.422123,4051.508706
29.7843789,-95.3512048,,Point,pole,node/5630129221,79.56949117,107.8851304,9,221,24,12,4051.508706,7872.835983
29.7843989,-95.3500893,,Point,pole,node/3433828006,107.8851304,15.66408222,9,222,10,15,7872.835983,-4572.823597
29.7845401,-95.3500957,,Point,pole,node/5630129225,15.66408222,3002.634544,9,223,13,6,-4572.823597,0
29.775315,-95.379291,,Point,pole,node/3433850404,3002.634544,27.41942491,10,224,10,8,0,-3062.882186
29.7750802,-95.3792018,,Point,pole,node/3433850695,27.41942491,51.65873258,10,225,24,14,-3062.882186,208.3251741
29.7746142,-95.3791958,,Point,pole,node/3433849903,51.65873258,28.64114768,10,226,20,9,208.3251741,-2898.005014
29.7743559,-95.3792032,,Point,pole,node/3433850598,28.64114768,40.46087529,10,227,13,4,-2898.005014,-1302.877773
29.7743559,-95.3787848,,Point,pole,node/3433850597,40.46087529,37.73044766,10,228,19,12,-1302.877773,-1671.361687
29.7743658,-95.3783948,,Point,pole,node/3433850402,37.73044766,55.827292,10,229,20,21,-1671.361687,770.8916649
29.7743645,-95.3778175,,Point,pole,node/3433850401,55.827292,82.71177941,10,230,11,17,770.8916649,4399.07834
29.7743682,-95.3769622,,Point,pole,node/3433850694,82.71177941,111.6730289,10,231,29,20,4399.07834,8307.533724
29.7743867,-95.3758076,,Point,pole,node/3433850200,111.6730289,92.86311934,10,232,28,7,8307.533724,5769.048899
29.7743978,-95.3748474,,Point,pole,node/3433849800,92.86311934,82.00786517,10,233,18,16,5769.048899,4304.081837
29.7744042,-95.3739994,,Point,pole,node/3433850201,82.00786517,111.1169046,10,234,15,4,4304.081837,8232.482153
29.774413,-95.3728504,,Point,pole,node/3433830505,111.1169046,177.5742094,10,235,19,10,8232.482153,17201.20468
29.774427,-95.3710142,,Point,pole,node/3433850103,177.5742094,185.0123947,10,236,10,16,17201.20468,18205.0224
29.7746299,-95.3691152,,Point,pole,node/3433850403,185.0123947,39.03569801,10,237,22,17,18205.0224,-1495.212078
29.7745754,-95.3687164,,Point,pole,node/3433849902,39.03569801,154.8401371,10,238,10,8,-1495.212078,14133.13584
29.7733522,-95.3679432,,Point,pole,node/3433850199,154.8401371,144.1331929,10,239,30,7,14133.13584,12688.18389
29.7721947,-95.3672642,,Point,pole,node/3433849900,144.1331929,130.2576889,10,240,14,21,12688.18389,10815.62006
29.7711442,-95.3666606,,Point,pole,node/3433850395,130.2576889,182.1452204,10,241,12,3,10815.62006,17818.08389
29.7713148,-95.3647873,,Point,pole,node/3433850396,182.1452204,123.0305292,10,242,22,16,17818.08389,9840.281228
29.7721118,-95.3639019,,Point,pole,node/3433850100,123.0305292,172.2721663,10,243,18,13,9840.281228,16485.66929
29.7714498,-95.3622902,,Point,pole,node/3433850397,172.2721663,100.7058975,10,244,24,20,16485.66929,6827.468312
29.7718082,-95.3613333,,Point,pole,node/3433850099,100.7058975,83.38256919,10,245,15,7,6827.468312,4489.604541
29.772131,-95.3605545,,Point,pole,node/3433850596,83.38256919,110.4953666,10,246,13,11,4489.604541,8148.602712
29.7725044,-95.3594951,,Point,pole,node/3433849798,110.4953666,120.6123094,10,247,26,3,8148.602712,9513.93122
29.7728384,-95.3583081,,Point,pole,node/3433850197,120.6123094,96.93135462,10,248,10,20,9513.93122,6318.07618
29.7731956,-95.3573932,,Point,pole,node/3433850893,96.93135462,69.81387457,10,249,13,15,6318.07618,2658.446065
29.773639,-95.3568805,,Point,pole,node/3433850101,69.81387457,95.78014412,10,250,14,10,2658.446065,6162.714967
29.7739564,-95.3559593,,Point,pole,node/3433850400,95.78014412,78.34334105,10,251,11,18,6162.714967,3809.537256
29.7742234,-95.3552092,,Point,pole,node/3433849799,78.34334105,69.3197328,10,252,23,20,3809.537256,2591.759334
29.7744721,-95.3545515,,Point,pole,node/3433850104,69.3197328,109.7217784,10,253,13,8,2591.759334,8044.203387
29.7744665,-95.3534169,,Point,pole,node/3433850894,109.7217784,100.8172234,10,254,18,8,8044.203387,6842.492254
29.7744742,-95.3523744,,Point,pole,node/3433850202,100.8172234,109.0153225,10,255,12,10,6842.492254,7948.86387
29.7744789,-95.3512471,,Point,pole,node/1418094504,109.0153225,188.7339896,10,256,30,17,7948.86387,18707.26894
29.776029,-95.3504397,,Point,pole,node/5630129215,188.7339896,46.05762655,10,257,12,13,18707.26894,-547.5701486
29.7764445,-95.3504397,,Point,pole,node/5630129216,46.05762655,71.4905053,10,258,29,9,-547.5701486,2884.715183
29.7770894,-95.3504477,,Point,pole,node/5630129217,71.4905053,55.22624477,10,259,17,8,2884.715183,689.7775443
29.7775876,-95.3504518,,Point,pole,node/5630129218,55.22624477,68.55435551,10,260,25,12,689.7775443,2488.468107
29.7782059,-95.3504674,,Point,pole,node/3433830507,68.55435551,55.71589601,10,261,10,7,2488.468107,755.8582572
29.7787085,-95.3504737,,Point,pole,node/5630129214,55.71589601,77.69853297,10,262,11,11,755.8582572,3722.517404
29.7794094,-95.3504825,,Point,pole,node/3433828004,77.69853297,79.9488477,10,263,12,18,3722.517404,4026.207848
29.7801306,-95.3504915,,Point,pole,node/3433830508,79.9488477,77.28832803,10,264,30,21,4026.207848,3667.158339
29.7808278,-95.3505002,,Point,pole,node/3433850603,77.28832803,79.36140132,10,265,19,13,3667.158339,3946.929226
29.7815437,-95.3505092,,Point,pole,node/3433850406,79.36140132,63.44246813,10,266,27,18,3946.929226,1798.595118
29.782116,-95.3505163,,Point,pole,node/3433850106,63.44246813,71.12489253,10,267,27,9,1798.595118,2835.374039
29.7827576,-95.3505244,,Point,pole,node/3433850107,71.12489253,76.11332564,10,268,27,8,2835.374039,3508.5863
29.7834442,-95.350533,,Point,pole,node/3433850110,76.11332564,2128.485464,10,269,19,3,3508.5863,0
29.7652931,-95.3577138,,Point,pole,node/3439033397,2128.485464,82.24218054,11,270,14,11,0,3924.713762
29.7651139,-95.3568886,,Point,pole,node/3439065594,82.24218054,40.4971046,11,271,17,18,3924.713762,-1708.978484
29.7648561,-95.3565919,,Point,pole,node/3439033396,40.4971046,63.47094635,11,272,19,10,-1708.978484,1391.448361
29.7646617,-95.3559746,,Point,pole,node/3439065593,63.47094635,141.5159411,11,273,10,12,1391.448361,11923.98357
29.7642833,-95.3545771,,Point,pole,node/3439033595,141.5159411,155.0552768,11,274,19,8,11923.98357,13751.17991
29.7639135,-95.3530309,,Point,pole,node/3439065493,155.0552768,1307.19864,11,275,24,11,13751.17991,0
29.7640679,-95.3395159,,Point,pole,node/3456149423,1307.19864,66.01873908,12,276,17,3,0,5210.525909
29.7640633,-95.3388333,,Point,pole,node/3456149619,66.01873908,50.28499496,12,277,23,16,5210.525909,3087.183928
29.7640737,-95.3383135,,Point,pole,node/3456298095,50.28499496,53.41331347,12,278,28,6,3087.183928,3509.365068
29.7640861,-95.3377614,,Point,pole,node/3456149019,53.41331347,41.94396149,12,279,18,6,3509.365068,1961.522648
29.7640939,-95.3373278,,Point,pole,node/3456223297,41.94396149,50.92394573,12,280,10,15,1961.522648,3173.413308
29.7640998,-95.3368013,,Point,pole,node/3456149424,50.92394573,64.65128029,12,281,23,16,3173.413308,5025.980982
29.7641089,-95.3361329,,Point,pole,node/3456241802,64.65128029,49.03635961,12,282,25,19,5025.980982,2918.674777
29.7641134,-95.3356259,,Point,pole,node/3456149114,49.03635961,638.8091996,12,283,17,9,2918.674777,0
29.7601167,-95.3403844,,Point,pole,node/3456150328,638.8091996,152.0905322,13,284,28,14,0,15157.28594
29.7589762,-95.3412586,,Point,pole,node/3456148726,152.0905322,77.56438944,13,285,10,15,15157.28594,5099.636193
29.7583928,-95.3417014,,Point,pole,node/3456149324,77.56438944,61.22583561,13,286,23,14,5099.636193,2894.672327
29.7579414,-95.3420662,,Point,pole,node/3456150327,61.22583561,130.275262,13,287,19,15,2894.672327,12213.21372
29.757284,-95.3409497,,Point,pole,node/3456150326,130.275262,53.49258559,13,288,28,16,12213.21372,1851.034252
29.7570048,-95.3404986,,Point,pole,node/3456150021,53.49258559,48.68667757,13,289,10,15,1851.034252,1202.454602
29.7567385,-95.3400983,,Point,pole,node/3456272497,48.68667757,74.91701468,13,290,27,19,1202.454602,4742.36065
29.7563635,-95.3394539,,Point,pole,node/3456297994,74.91701468,71.70823747,13,291,12,18,4742.36065,4309.321235
29.756003,-95.3388383,,Point,pole,node/3456150020,71.70823747,105.3175194,13,292,18,14,4309.321235,8845.050219
29.7552277,-95.3394677,,Point,pole,node/3456149108,105.3175194,57.57241324,13,293,14,14,8845.050219,2401.625978
29.7548003,-95.3398059,,Point,pole,node/3456150019,57.57241324,46.96008216,13,294,18,21,2401.625978,969.4425173
29.7544495,-95.3400781,,Point,pole,node/3456272600,46.96008216,56.32319699,13,295,28,5,969.4425173,2233.038432
29.7540317,-95.3404095,,Point,pole,node/3456148725,56.32319699,78.5123193,13,296,11,12,2233.038432,5227.563738
29.7534445,-95.3408634,,Point,pole,node/3456148724,78.5123193,92.05317283,13,297,11,4,5227.563738,7054.96493
29.7527682,-95.3414157,,Point,pole,node/3456148723,92.05317283,67.48574878,13,298,14,14,7054.96493,3739.476738
29.752424,-95.3408402,,Point,pole,node/3456150018,67.48574878,58.37768442,13,299,17,3,3739.476738,2510.30107
29.7521202,-95.3403472,,Point,pole,node/3456150325,58.37768442,67.64868123,13,300,23,18,2510.30107,3761.46523
29.7517719,-95.3397729,,Point,pole,node/3456272599,67.64868123,78.61942283,13,301,19,18,3761.46523,5242.017857
29.7513594,-95.3391117,,Point,pole,node/3456272598,78.61942283,88.66349255,13,302,21,20,5242.017857,6597.511804
29.7506872,-95.3396085,,Point,pole,node/3456298193,88.66349255,82.72183432,13,303,15,19,6597.511804,5795.657377
29.7500657,-95.3400819,,Point,pole,node/3456149617,82.72183432,135.767943,13,304,22,13,5795.657377,12954.47658
29.7490648,-95.3408909,,Point,pole,node/3456298093,135.767943,58.32615224,13,305,22,13,12954.47658,2503.346563
29.7486318,-95.3412335,,Point,pole,node/3456223294,58.32615224,95.14351631,13,306,12,3,2503.346563,7472.021163
29.7479326,-95.341804,,Point,pole,node/3456223098,95.14351631,72.78172966,13,307,26,20,7472.021163,4454.194001
29.7473852,-95.3422195,,Point,pole,node/3456223097,72.78172966,87.0824874,13,308,21,3,4454.194001,6384.147802
29.7467489,-95.3427475,,Point,pole,node/3456149416,87.0824874,40.08907874,13,309,23,18,6384.147802,42.16863376
29.7465426,-95.3424071,,Point,pole,node/3456149415,40.08907874,61.11781827,13,310,22,17,42.16863376,2880.094885
29.7462395,-95.3418793,,Point,pole,node/3456241796,61.11781827,20.51599155,13,311,10,19,2880.094885,0
29.7463836,-95.3417462,,Point,pole,node/3456149414,20.51599155,104.7607183,14,312,28,18,0,8252.86908
29.7471558,-95.3411218,,Point,pole,node/3456149417,104.7607183,48.0206454,14,313,27,3,8252.86908,595.5322173
29.7475182,-95.3408498,,Point,pole,node/3456297893,48.0206454,59.67905872,14,314,29,7,595.5322173,2168.889344
29.7479573,-95.3404928,,Point,pole,node/3456241797,59.67905872,114.656964,14,315,24,21,2168.889344,9588.413488
29.7488052,-95.3398139,,Point,pole,node/3456297993,114.656964,96.52432509,14,316,18,15,9588.413488,7141.329488
29.7495229,-95.3392488,,Point,pole,node/3456241800,96.52432509,89.56999162,14,317,22,13,7141.329488,6202.809827
29.7501931,-95.3387315,,Point,pole,node/3456149618,89.56999162,80.32213284,14,318,28,20,6202.809827,4954.768252
29.75079,-95.3382607,,Point,pole,node/3456272496,80.32213284,102.1926397,14,319,14,18,4954.768252,7906.294917
29.7503077,-95.3373603,,Point,pole,node/3456272597,102.1926397,70.88494546,14,320,14,19,7906.294917,3681.175903
29.7498847,-95.3368107,,Point,pole,node/3456149323,70.88494546,104.1638656,14,321,21,12,3681.175903,8172.321029
29.7495524,-95.3358034,,Point,pole,node/3456241801,104.1638656,56.21200993,14,322,20,14,8172.321029,1700.994976
29.7493856,-95.3352546,,Point,pole,node/3456223295,56.21200993,2020.300044,14,323,13,6,1700.994976,0
29.759471,-95.3526527,,Point,pole,node/3433053675,2020.300044,129.7909894,15,324,15,17,0,11713.32815
29.7588112,-95.3515441,,Point,pole,node/3433053674,129.7909894,72.64625463,15,325,24,4,11713.32815,4001.380279
29.7584446,-95.3509215,,Point,pole,node/3433053673,72.64625463,80.51693279,15,326,24,13,4001.380279,5063.56492
29.7580336,-95.3502351,,Point,pole,node/3433164742,80.51693279,76.30025254,15,327,15,14,5063.56492,4494.504299
29.7574721,-95.3506914,,Point,pole,node/3433053672,76.30025254,70.53831538,15,328,15,18,4494.504299,3716.904068
29.7569484,-95.3511057,,Point,pole,node/3433165340,70.53831538,54.75640282,15,329,13,11,3716.904068,1587.061532
29.7565469,-95.3514355,,Point,pole,node/3433053671,54.75640282,120.5183118,15,330,24,15,1587.061532,10461.93715
29.7559432,-95.3503992,,Point,pole,node/3433165433,120.5183118,85.69377569,15,331,14,17,10461.93715,5762.203959
29.7553011,-95.3508926,,Point,pole,node/3433165339,85.69377569,172.0336334,15,332,11,14,5762.203959,17414.16951
29.7540424,-95.3519331,,Point,pole,node/3433164741,172.0336334,76.78859381,15,333,18,4,17414.16951,4560.408226
29.7534726,-95.3523846,,Point,pole,node/3433164740,76.78859381,55.21325773,15,334,12,4,4560.408226,1648.716228
29.7530658,-95.352714,,Point,pole,node/3433165337,55.21325773,69.77034063,15,335,17,3,1648.716228,3613.262302
29.7525462,-95.3531211,,Point,pole,node/3433165336,69.77034063,58.08612363,15,336,17,6,3613.262302,2036.422849
29.7521142,-95.353461,,Point,pole,node/3433053670,58.08612363,99.42088793,15,337,28,15,2036.422849,7614.74163
29.7513757,-95.3540443,,Point,pole,node/3433164738,99.42088793,179.8229381,15,338,25,10,7614.74163,18465.37242
29.7504445,-95.352522,,Point,pole,node/3433164737,179.8229381,104.7255403,15,339,17,8,18465.37242,8330.629147
29.7499126,-95.3516272,,Point,pole,node/3433053669,104.7255403,112.3363925,15,340,30,4,8330.629147,9357.749068
29.7490873,-95.3523012,,Point,pole,node/3433053668,112.3363925,46.21867572,15,341,29,21,9357.749068,434.855532
29.7487368,-95.35256,,Point,pole,node/3433164736,46.21867572,42.02333386,15,342,14,11,434.855532,-131.3253741
29.7484262,-95.3528091,,Point,pole,node/3433165432,42.02333386,31.39949121,15,343,29,10,-131.3253741,-1565.062374
29.7481954,-95.3529973,,Point,pole,node/3433165335,31.39949121,67.78577606,15,344,19,15,-1565.062374,3345.436079
29.7476961,-95.3534019,,Point,pole,node/3433165431,67.78577606,27.46035289,15,345,28,14,3345.436079,-2096.66742
29.7474506,-95.3533639,,Point,pole,node/3433053667,27.46035289,71.85212941,15,346,19,4,-2096.66742,0
29.7472523,-95.3526567,,Point,pole,node/3433164735,71.85212941,42.8964845,16,347,10,9,0,-2814.020251
29.7470399,-95.352286,,Point,pole,node/3433165334,42.8964845,90.52169249,16,348,13,20,-2814.020251,3613.223176
29.7465622,-95.351527,,Point,pole,node/3433053665,90.52169249,121.6408285,16,349,22,11,3613.223176,7812.895379
29.7459462,-95.3504863,,Point,pole,node/3433164425,121.6408285,102.3315495,16,350,28,15,7812.895379,5207.018328
29.7454196,-95.3496174,,Point,pole,node/3433164424,102.3315495,123.869614,16,351,27,6,5207.018328,8113.680364
29.7447827,-95.3485652,,Point,pole,node/3433053664,123.869614,106.2377827,16,352,29,11,8113.680364,5734.182675
29.7442265,-95.3476708,,Point,pole,node/3433164422,106.2377827,106.5593757,16,353,12,11,5734.182675,5777.583149
29.7436817,-95.3467632,,Point,pole,node/3433053663,106.5593757,127.5579837,16,354,13,21,5777.583149,8611.443018
29.7430305,-95.345676,,Point,pole,node/3433165333,127.5579837,110.1558496,16,355,27,20,8611.443018,6262.944036
29.7421003,-95.3460767,,Point,pole,node/3433164420,110.1558496,103.8071592,16,356,21,14,6262.944036,5406.158729
29.7412167,-95.3464322,,Point,pole,node/3433165332,103.8071592,96.08661935,16,357,13,5,5406.158729,4364.235951
29.7409278,-95.3454957,,Point,pole,node/3433164618,96.08661935,89.24977015,16,358,17,13,4364.235951,3441.571338
29.7406358,-95.3446359,,Point,pole,node/3433164419,89.24977015,86.01161668,16,359,29,6,3441.571338,3004.567459
29.7399003,-95.3449192,,Point,pole,node/3433164943,86.01161668,306.0133609,16,360,21,4,3004.567459,32694.82656
29.7372912,-95.3459529,,Point,pole,node/3433053658,306.0133609,108.2429343,16,361,12,10,32694.82656,6004.787219
29.7369659,-95.3448979,,Point,pole,node/3433053656,108.2429343,114.5301732,16,362,30,9,6004.787219,6853.279362
29.7366508,-95.3437704,,Point,pole,node/3433165424,114.5301732,119.8388545,16,363,21,12,6853.279362,7569.710603
29.7363004,-95.3425985,,Point,pole,node/3433053655,119.8388545,128.8742223,16,364,25,4,7569.710603,8789.075538
29.7359149,-95.3413417,,Point,pole,node/3433053654,128.8742223,1713.852955,16,365,12,16,8789.075538,0
29.746974,-95.353723,,Point,pole,node/3433053666,1713.852955,70.93854521,17,366,25,3,0,3673.111404
29.7464554,-95.3541527,,Point,pole,node/3433164426,70.93854521,87.83884225,17,367,12,14,3673.111404,5953.88513
29.7457974,-95.3546587,,Point,pole,node/3433165430,87.83884225,62.94305,17,368,29,15,5953.88513,2594.08212
29.7453291,-95.3550267,,Point,pole,node/3433164944,62.94305,75.8171309,17,369,17,9,2594.08212,4331.499244
29.7447642,-95.3554686,,Point,pole,node/3433164423,75.8171309,121.8409818,17,370,30,21,4331.499244,10542.63208
29.7438679,-95.3561977,,Point,pole,node/3433165429,121.8409818,101.7898062,17,371,16,14,10542.63208,7836.632638
29.7433385,-95.3553379,,Point,pole,node/3433165428,101.7898062,162.0816734,17,372,10,19,7836.632638,15973.30066
29.742137,-95.3562928,,Point,pole,node/3433164421,162.0816734,106.0357784,17,373,12,11,15973.30066,8409.646336
29.741347,-95.3569109,,Point,pole,node/3433053661,106.0357784,98.54536658,17,374,19,11,8409.646336,7398.780407
29.7406269,-95.3575083,,Point,pole,node/3433165426,98.54536658,170.3912426,17,375,27,8,7398.780407,17094.71569
29.7393653,-95.3585146,,Point,pole,node/3433053660,170.3912426,47.4564322,17,376,19,6,17094.71569,504.0909859
29.7390169,-95.3587997,,Point,pole,node/3433053659,47.4564322,76.1360971,17,377,19,14,504.0909859,4374.545217
29.7384505,-95.3592449,,Point,pole,node/3433164417,76.1360971,65.17009757,17,378,23,14,4374.545217,2894.632553
29.7379632,-95.3596218,,Point,pole,node/3433165907,65.17009757,89.52753975,17,379,25,11,2894.632553,6181.782716
29.7372945,-95.3601408,,Point,pole,node/3433165425,89.52753975,101.8183248,17,380,17,17,6181.782716,7840.481355
29.7365405,-95.3607419,,Point,pole,node/3433164617,101.8183248,28.8829225,17,381,10,11,7840.481355,-2002.490574
29.7363282,-95.360915,,Point,pole,node/3433165813,28.8829225,76.8235745,17,382,10,4,-2002.490574,4467.32349
29.7357533,-95.3613585,,Point,pole,node/3433164616,76.8235745,59.17831892,17,383,25,8,4467.32349,2086.014144
29.735316,-95.3617094,,Point,pole,node/3433165330,59.17831892,96.11076333,17,384,14,10,2086.014144,7070.21937
29.734605,-95.362278,,Point,pole,node/3433164941,96.11076333,46.02678286,17,385,17,20,7070.21937,311.1531556
29.73427,-95.3625591,,Point,pole,node/3433164939,46.02678286,30.07313766,17,386,20,18,311.1531556,-1841.8655
29.7340485,-95.3627386,,Point,pole,node/3433053653,30.07313766,135.6711887,17,387,11,21,-1841.8655,12409.08286
29.733037,-95.3635282,,Point,pole,node/3433164416,135.6711887,60.74316,17,388,15,8,12409.08286,2297.196728
29.7325884,-95.3638888,,Point,pole,node/3433164270,60.74316,67.69213125,17,389,14,11,2297.196728,3234.992733
29.7320862,-95.3642869,,Point,pole,node/3433164938,67.69213125,39.4673581,17,390,20,20,3234.992733,-574.0717384
29.7317892,-95.3645119,,Point,pole,node/3433164267,39.4673581,57.84874226,17,391,16,18,-574.0717384,1906.581587
29.7313596,-95.3648514,,Point,pole,node/3433165422,57.84874226,182.7187177,17,392,27,7,1906.581587,18758.36582
29.7300046,-95.3659269,,Point,pole,node/3433053646,182.7187177,31.24028038,17,393,14,17,18758.36582,-1684.354159
29.7297718,-95.3661089,,Point,pole,node/3433053644,31.24028038,36.66487257,17,394,26,6,-1684.354159,-952.2802008
29.7294981,-95.3663217,,Point,pole,node/3433053642,36.66487257,160.9695405,17,395,24,20,-952.2802008,15823.21315
29.7283032,-95.3672672,,Point,pole,node/3433168896,160.9695405,30.70672205,17,396,21,16,15823.21315,-1756.360338
29.7280788,-95.3674533,,Point,pole,node/3433164614,30.70672205,89.85861202,17,397,18,6,-1756.360338,6226.462458
29.727408,-95.3679748,,Point,pole,node/3433164936,89.85861202,49.08380967,17,398,16,7,6226.462458,723.7131487
29.7270497,-95.3682729,,Point,pole,node/3433165906,49.08380967,63.90856701,17,399,17,19,723.7131487,2724.383134
29.7265728,-95.3686441,,Point,pole,node/3433164613,63.90856701,52.29838837,17,400,13,10,2724.383134,1157.535502
29.7261855,-95.3689528,,Point,pole,node/3433164934,52.29838837,120.9628733,17,401,14,20,1157.535502,10424.12725
29.7252897,-95.3696668,,Point,pole,node/3433164257,120.9628733,47.24052016,17,402,14,12,10424.12725,474.9526518
29.7249505,-95.3699624,,Point,pole,node/3433053638,47.24052016,105.7161509,17,403,29,13,474.9526518,8366.511124
29.7244013,-95.3690691,,Point,pole,node/3433164256,105.7161509,95.47771652,17,404,21,10,8366.511124,6984.786757
29.7239083,-95.3682599,,Point,pole,node/3433053635,95.47771652,1882.224339,17,405,30,16,6984.786757,0
29.7324588,-95.3850682,,Point,pole,node/3433165423,1882.224339,133.0725145,18,406,22,15,0,10048.35895
29.731962,-95.383816,,Point,pole,node/3433053651,133.0725145,88.93501043,18,407,16,17,10048.35895,4091.797393
29.7314904,-95.3830723,,Point,pole,node/3433053650,88.93501043,99.18012948,18,408,25,6,4091.797393,5474.423882
29.7309834,-95.3822276,,Point,pole,node/3433164264,99.18012948,107.8858007,18,409,21,15,5474.423882,6649.294726
29.7304335,-95.3813075,,Point,pole,node/3433164262,107.8858007,77.23245744,18,410,24,16,6649.294726,2512.483413
29.7300381,-95.3806502,,Point,pole,node/3433164260,77.23245744,49.92983983,18,411,27,6,2512.483413,-1172.131878
29.7297846,-95.3802236,,Point,pole,node/3433164259,49.92983983,34.77679217,18,412,20,8,-1172.131878,-3217.10617
29.7300406,-95.3800158,,Point,pole,node/3433053647,34.77679217,96.37589219,18,413,28,6,-3217.10617,5095.97901
29.7295492,-95.379194,,Point,pole,node/3433164413,96.37589219,25.37449184,18,414,28,3,5095.97901,-4485.990351
29.7294465,-95.3789596,,Point,pole,node/3433168294,25.37449184,99.25573764,18,415,18,9,-4485.990351,5484.627555
29.7289313,-95.3781205,,Point,pole,node/3433164937,99.25573764,117.7671662,18,416,14,14,5484.627555,7982.830982
29.7283283,-95.3771183,,Point,pole,node/3433053641,117.7671662,143.4266683,18,417,18,10,7982.830982,11445.70018
29.7276068,-95.3758877,,Point,pole,node/3433164411,143.4266683,109.1480137,18,418,30,18,11445.70018,6819.636243
29.7270517,-95.3749559,,Point,pole,node/3433164935,109.1480137,109.3233561,18,419,19,21,6819.636243,6843.29951
29.7264824,-95.3740332,,Point,pole,node/3433053640,109.3233561,265.0435316,18,420,15,11,6843.29951,27858.46179
29.7251198,-95.3717821,,Point,pole,node/3433053639,265.0435316,142.8597271,18,421,23,13,27858.46179,11369.18883
29.7243956,-95.3705607,,Point,pole,node/3433053636,142.8597271,108.2342518,18,422,20,20,11369.18883,6696.319818
29.7238396,-95.3696411,,Point,pole,node/3433053633,108.2342518,108.9813309,18,423,21,4,6696.319818,6797.141619
29.7232782,-95.3687164,,Point,pole,node/3433164733,108.9813309,203.8064321,18,424,21,3,6797.141619,19594.23026
29.7222423,-95.3669761,,Point,pole,node/3433165327,203.8064321,204.5900111,18,425,20,3,19594.23026,0
29.7209717,-95.3654424,,Point,pole,node/3443248604,204.5900111,24.84702339,19,426,26,15,0,-3699.709694
29.7207887,-95.3655907,,Point,pole,node/3443247930,24.84702339,94.14259016,19,427,20,19,-3699.709694,5652.049486
29.7200927,-95.3661483,,Point,pole,node/3443247929,94.14259016,382.7980317,19,428,15,8,5652.049486,44607.4445
29.7172537,-95.3684008,,Point,pole,node/3443248107,382.7980317,118.9841273,19,429,14,16,44607.4445,9004.530514
29.7163704,-95.3690995,,Point,pole,node/3443248195,118.9841273,109.3178607,19,430,29,3,9004.530514,7700.022865
29.7155589,-95.3697415,,Point,pole,node/3443247928,109.3178607,105.4613356,19,431,21,6,7700.022865,7179.566855
29.714776,-95.3703608,,Point,pole,node/3443247927,105.4613356,110.5388195,19,432,12,15,7179.566855,7864.796937
29.7139554,-95.3710099,,Point,pole,node/3443249232,110.5388195,106.92894,19,433,21,16,7864.796937,7377.626891
29.7131616,-95.3716378,,Point,pole,node/3443248603,106.92894,91.668206,19,434,24,13,7377.626891,5318.119831
29.7124811,-95.3721761,,Point,pole,node/3443248106,91.668206,102.7930694,19,435,23,21,5318.119831,6819.471912
29.711718,-95.3727797,,Point,pole,node/3443248602,102.7930694,107.844638,19,436,19,4,6819.471912,7501.204603
29.7109207,-95.3734184,,Point,pole,node/3443249701,107.844638,92.50879777,19,437,19,14,7501.204603,5431.561602
29.7102357,-95.3739645,,Point,pole,node/3443249231,92.50879777,102.3147923,19,438,29,11,5431.561602,6754.926195
29.7094781,-95.3745685,,Point,pole,node/3443248601,102.3147923,111.3187341,19,439,11,17,6754.926195,7970.05004
29.7086538,-95.3752256,,Point,pole,node/3443249230,111.3187341,73.28875711,19,440,12,11,7970.05004,2837.72768
29.7081111,-95.3756582,,Point,pole,node/3443248600,73.28875711,155.795496,19,441,14,4,2837.72768,13972.39602
29.7069575,-95.3765779,,Point,pole,node/3443247923,155.795496,75.75564918,19,442,23,20,13972.39602,3170.646244
29.7063965,-95.377025,,Point,pole,node/3443248598,75.75564918,75.05984946,19,443,17,18,3170.646244,3076.744833
29.7066232,-95.3777559,,Point,pole,node/3443248599,75.05984946,122.5230328,19,444,20,13,3076.744833,9482.122285
29.7069932,-95.378949,,Point,pole,node/3443247924,122.5230328,94.39666339,19,445,24,10,9482.122285,5686.337852
29.7072783,-95.3798682,,Point,pole,node/3443247925,94.39666339,103.5908061,19,446,29,20,5686.337852,6927.13019
29.7075966,-95.3808747,,Point,pole,node/3443249228,103.5908061,101.4216237,19,447,11,19,6927.13019,6634.388939
29.7079083,-95.3818601,,Point,pole,node/3443247926,101.4216237,110.1703667,19,448,13,5,6634.388939,7815.072515
29.7082469,-95.3829305,,Point,pole,node/3443249229,110.1703667,107.0599668,19,449,28,16,7815.072515,7395.309578
29.7085759,-95.3839707,,Point,pole,node/3082611717,107.0599668,49.723707,19,450,25,4,7395.309578,-342.4854848
29.7087309,-95.3844529,,Point,pole,node/2604582547,49.723707,55.58678435,19,451,23,21,-342.4854848,448.764085
29.7088718,-95.3850042,,Point,pole,node/2604582546,55.58678435,166.3027551,19,452,25,16,448.764085,15390.39953
29.7085004,-95.3866693,,Point,pole,node/2604582550,166.3027551,87.38584256,19,453,15,15,15390.39953,4740.194958
29.7083747,-95.3875608,,Point,pole,node/2604582551,87.38584256,84.17077529,19,454,15,4,4740.194958,4306.30667
29.7082365,-95.3884161,,Point,pole,node/2604582552,84.17077529,183.1849245,19,455,18,18,4306.30667,17668.72684
29.7071188,-95.3898105,,Point,pole,node/2604582555,183.1849245,72.55212487,19,456,22,5,17668.72684,2738.315732
29.7064955,-95.3900393,,Point,pole,node/3443249227,72.55212487,33.67004696,19,457,22,17,2738.315732,-2509.001609
29.7061952,-95.389987,,Point,pole,node/3443249700,33.67004696,63.29546923,19,458,13,9,-2509.001609,1489.086979
29.7057547,-95.3904032,,Point,pole,node/3443248499,63.29546923,56.26044176,19,459,20,11,1489.086979,539.6772875
29.7056678,-95.390976,,Point,pole,node/3443249225,56.26044176,52.32951782,19,460,13,13,539.6772875,9.180810253
29.7056505,-95.3915164,,Point,pole,node/3443249224,52.32951782,57.78807711,19,461,14,11,9.180810253,745.8387863
29.7057535,-95.3921018,,Point,pole,node/3443248597,57.78807711,21.97338765,19,462,29,13,745.8387863,-4087.520209
29.7057979,-95.3923231,,Point,pole,node/3443247921,21.97338765,27.94049689,19,463,21,18,-4087.520209,-3282.231051
29.7058504,-95.3926055,,Point,pole,node/3443247922,27.94049689,73.96290352,19,464,23,17,-3282.231051,2928.706874
29.7060069,-95.3933485,,Point,pole,node/3443249226,73.96290352,282.2667032,19,465,10,12,2928.706874,0
29.7051253,-95.390612,,Point,pole,node/3443249223,282.2667032,108.3260884,20,466,14,8,0,9406.979305
29.7041971,-95.3909622,,Point,pole,node/3443249221,108.3260884,104.6892866,20,467,17,10,9406.979305,8916.175976
29.7033015,-95.3913056,,Point,pole,node/3443249213,104.6892866,99.53883532,20,468,30,8,8916.175976,8221.098612
29.7024536,-95.3916443,,Point,pole,node/3443248102,99.53883532,29.00317301,20,469,18,9,8221.098612,-1298.017234
29.7022071,-95.3917448,,Point,pole,node/3443247909,29.00317301,88.43887739,20,470,25,3,-1298.017234,6723.107638
29.7014586,-95.3920612,,Point,pole,node/3443249696,88.43887739,29.76598089,20,471,26,9,6723.107638,-1195.072761
29.7016712,-95.3922491,,Point,pole,node/3443249210,29.76598089,46.50817825,20,472,16,17,-1195.072761,1064.364678
29.7018013,-95.392706,,Point,pole,node/3443249211,46.50817825,82.57699369,20,473,17,13,1064.364678,5932.019156
29.702039,-95.3935147,,Point,pole,node/3443247908,82.57699369,96.20717325,20,474,11,21,5932.019156,7771.475312
29.7023146,-95.3944574,,Point,pole,node/3443249697,96.20717325,89.78967004,20,475,29,21,7771.475312,6905.403392
29.702629,-95.3953125,,Point,pole,node/3443249698,89.78967004,109.218828,20,476,15,5,6905.403392,9527.458667
29.7030255,-95.3963457,,Point,pole,node/3443247911,109.218828,362.4053357,20,477,25,12,9527.458667,43696.156
29.7032382,-95.4000827,,Point,pole,node/5597521004,362.4053357,148.8377238,20,478,12,4,43696.156,14874.21301
29.7031287,-95.4016156,,Point,pole,node/5597521431,148.8377238,12.19347455,20,479,10,12,14874.21301,-3566.56426
29.7031293,-95.4017416,,Point,pole,node/5597521438,12.19347455,15.00379006,20,480,21,8,-3566.56426,-3187.299105
29.7031235,-95.4018965,,Point,pole,node/5597521439,15.00379006,13.45289209,20,481,12,7,-3187.299105,-3396.600002
29.7032295,-95.4018288,,Point,pole,node/5597521432,13.45289209,13.7613141,20,482,18,15,-3396.600002,-3354.977017
29.7033524,-95.4018489,,Point,pole,node/5597521433,13.7613141,16.99872928,20,483,15,7,-3354.977017,-2918.072775
29.703392,-95.4020186,,Point,pole,node/5597521442,16.99872928,9.62595189,20,484,25,9,-2918.072775,-3913.06339
29.7033856,-95.4021178,,Point,pole,node/5597521441,9.62595189,15.24167483,20,485,15,13,-3913.06339,-3155.195448
29.7033081,-95.4022479,,Point,pole,node/5597521443,15.24167483,0,20,486,12,4,-3155.195448,0
